Piloto;Foto piloto
Alex Albon;https://www.f1-fansite.com/wp-content/uploads/2018/12/Alexander-Albon-170x255.jpg
Antonio Giovinazzi;https://www.f1-fansite.com/wp-content/uploads/2019/04/Antonio-Giovinazzi-info-and-stats-170x255.jpg
Carlos Sainz;https://www.f1-fansite.com/wp-content/uploads/2021/04/Carlos-Sainz-2021-170x255.jpg
Charles Leclerc;https://www.f1-fansite.com/wp-content/uploads/2020/08/Charles-Leclerc-2020-170x255.jpg
Daniel Ricciardo;https://www.f1-fansite.com/wp-content/uploads/2021/04/2021-Daniel-Ricciardo-170x279.jpg
Daniil Kvyat;https://www.f1-fansite.com/wp-content/uploads/2021/04/d049-f677-ad81-4fa7823dec70_3c9aaedeb08c2f36d76388b22580dd6f871474f3-170x255.jpg
Esteban Ocon;https://www.f1-fansite.com/wp-content/uploads/2021/04/2021-Esteban-Ocon-portrait-170x255.jpg
Fernando Alonso;https://www.f1-fansite.com/wp-content/uploads/2023/02/Fernando-Alonso-2023-170x255.jpg
George Russell;https://www.f1-fansite.com/wp-content/uploads/2022/03/M298840-170x255.jpg
Jack Aitken;https://www.f1-fansite.com/wp-content/uploads/2020/12/Jack-Aitken-portret-170x255.jpg
Kevin Magnussen;https://www.f1-fansite.com/wp-content/uploads/2017/02/Kevin-Magnussen-II-170x265.jpg
Kimi Räikkönen;https://www.f1-fansite.com/wp-content/uploads/2019/04/Kimi-Raikkonen-info-and-stats-170x255.jpg
Lance Stroll;https://www.f1-fansite.com/wp-content/uploads/2021/04/2021-Lance-Stroll-portrait-170x255.jpg
Lando norris;https://www.f1-fansite.com/wp-content/uploads/2021/04/2021-Lando-Norris-portrait-170x255.jpg
Lewis Hamilton;https://www.f1-fansite.com/wp-content/uploads/2020/08/Lewis-Hamilton-2020-170x255.jpg
Max Verstappen;https://www.f1-fansite.com/wp-content/uploads/2023/04/Max-Verstappen-2023.jpg
Mick Schumacher;https://www.f1-fansite.com/wp-content/uploads/2020/12/Mick-Schumacher-2020-170x255.jpg
Nicholas latifi;https://www.f1-fansite.com/wp-content/uploads/2020/01/Nicholas-Latifi-info-wiki-170x255.jpg
Nico Hulkenberg;https://www.f1-fansite.com/wp-content/uploads/2012/06/Nico-Hulkenberg-2017-170x255.jpg
Nikita Mazepin;https://www.f1-fansite.com/wp-content/uploads/2020/12/Nikita-Mazepin-portret-170x255.jpg
Nyck de Vries;https://www.f1-fansite.com/wp-content/uploads/2022/09/WilliamsF1_63998_HiRes-170x255.jpg
Pierre Gasly;https://www.f1-fansite.com/wp-content/uploads/2020/08/Pierre-Gasly-2020-170x255.jpg
Pietro Fittipaldi;https://www.f1-fansite.com/wp-content/uploads/2020/11/pietro-fittipaldi-170x255.jpg
Robert kubica;https://www.f1-fansite.com/wp-content/uploads/2012/09/Robert-Kubica-170x223.jpg
Romain Grosjean;https://www.f1-fansite.com/wp-content/uploads/2016/10/RG-Media-503-170x255.jpg
Sebastian Vettel;https://www.f1-fansite.com/wp-content/uploads/2021/04/Sebastian-Vettel-portrait-170x255.jpg
Sergio Pérez;https://www.f1-fansite.com/wp-content/uploads/2020/08/Sergiop-Perez-2020-170x255.jpg
Valtteri Bottas;https://www.f1-fansite.com/wp-content/uploads/2023/01/Vatteri-Bottas-2022-170x255.jpg
Yuki tsunoda;https://www.f1-fansite.com/wp-content/uploads/2020/12/Yuki-Tsunoda-170x255.jpg
Zhou Guanyu;https://www.f1-fansite.com/wp-content/uploads/2021/12/Guanyu-Zhou-portrait-170x255.jpg
